memory_result,time_result
101.69140625,4.00543212890625e-05
101.69140625,4.4345855712890625e-05
101.69140625,5.555152893066406e-05
101.69140625,4.863739013671875e-05
101.69140625,5.459785461425781e-05
101.69140625,6.079673767089844e-05
101.69140625,6.651878356933594e-05
101.69140625,5.650520324707031e-05
101.69140625,5.8650970458984375e-05
101.69140625,7.62939453125e-05
