memory_result,time_result
103.9765625,4.291534423828125e-05
103.9765625,4.7206878662109375e-05
103.9765625,4.863739013671875e-05
103.9765625,5.14984130859375e-05
103.9765625,5.53131103515625e-05
103.9765625,6.031990051269531e-05
103.9765625,4.839897155761719e-05
103.9765625,5.0067901611328125e-05
103.9765625,5.888938903808594e-05
103.9765625,5.6743621826171875e-05
